,nr_topics,topic_diversity,KL_uniform
0,5.0,0.9166666666666666,2.894785873782181
1,10.0,0.9181818181818182,3.1702943043896785
2,15.0,0.875,3.2936728938733775
3,20.0,0.8761904761904762,3.3919009420871653
