,nr_topics,topic_diversity,KL_uniform
0,5.0,0.8666666666666667,2.884189069199721
1,10.0,0.8727272727272727,3.06449207680183
2,15.0,0.86875,3.2096916631639427
3,20.0,0.8571428571428571,3.3512446558103584
