,nr_topics,topic_diversity,KL_uniform
0,5.0,0.7666666666666667,2.9852163887167737
1,10.0,0.8636363636363636,3.070475247640692
2,15.0,0.825,3.315689835921782
3,20.0,0.8238095238095238,3.3304749912938325
