,nr_topics,topic_diversity,KL_uniform
0,5.0,0.8666666666666667,2.713329142235466
1,10.0,0.9363636363636364,3.094602804743077
2,15.0,0.93125,3.110469292863365
3,20.0,0.9142857142857143,3.1925079738547986
