,nr_topics,topic_diversity,KL_uniform
0,5.0,0.8833333333333333,2.7384592466585045
1,10.0,0.8909090909090909,3.0960860525402905
2,15.0,0.9125,3.1245264832304755
3,20.0,0.9380952380952381,3.2362783781089712
