,nr_topics,topic_diversity,KL_uniform
0,5.0,0.9166666666666666,2.754598862250916
1,10.0,0.9181818181818182,2.9641949817250874
2,15.0,0.93125,3.121195816968693
3,20.0,0.919047619047619,3.274052187025824
