,nr_topics,topic_diversity,KL_uniform
0,5.0,0.9333333333333333,2.708829925233894
1,10.0,0.8818181818181818,2.9300679410191264
2,15.0,0.8875,3.1030259032075174
3,20.0,0.9380952380952381,3.141172475078148
