,nr_topics,topic_diversity,KL_uniform
0,5.0,0.85,2.736489944000523
1,10.0,0.9272727272727272,3.1057752086042765
2,15.0,0.9375,3.2674511258590253
3,20.0,0.9142857142857143,3.2792703732321153
