,nr_topics,topic_diversity,KL_uniform
0,5.0,0.9,3.207063096978201
1,10.0,0.9363636363636364,3.467942128123495
2,15.0,0.86875,3.41417154680326
3,20.0,0.8761904761904762,3.6186828714795958
