,nr_topics,topic_diversity,KL_uniform
0,5.0,0.8666666666666667,2.897407707195587
1,10.0,0.9181818181818182,2.9631006436281324
2,15.0,0.90625,3.0230265096194646
3,20.0,0.9476190476190476,3.0502172252391504
