,nr_topics,topic_diversity,KL_uniform
0,5.0,0.9166666666666666,2.791043941001542
1,10.0,0.9090909090909091,2.947916498449392
2,15.0,0.9125,3.0154712203624707
3,20.0,0.9047619047619048,3.16949592278989
