,nr_topics,topic_diversity,KL_uniform
0,5.0,0.9,2.6400507955567147
1,10.0,0.9,2.9949128417523285
2,15.0,0.93125,2.9804890044026378
3,20.0,0.9,3.1571007055361084
