,nr_topics,topic_diversity,KL_uniform
0,5.0,0.9333333333333333,2.6596903971222083
1,10.0,0.9181818181818182,2.9013444198900684
2,15.0,0.925,3.0039743048322296
3,20.0,0.9142857142857143,3.078298681921736
