,nr_topics,topic_diversity,KL_uniform
0,5.0,0.8333333333333334,2.851864424918119
1,10.0,0.9,3.057814285175621
2,15.0,0.90625,3.0093331592725985
3,20.0,0.9238095238095239,3.0931850671227643
