,nr_topics,topic_diversity,KL_uniform
0,5.0,0.9,2.6546327541287824
1,10.0,0.8909090909090909,3.0226146041657214
2,15.0,0.9375,3.0610110788035767
3,20.0,0.8952380952380953,3.154073899837906
