,Topic,Count,Name,details
0,-1,55179,-1_time_year_day_work,[]
1,0,4222,0_nan_nan nan_nan nan nan_thoni,"[('nan', 1.152628145150287), ('nan nan', 1.151643481411509), ('nan nan nan', 1.150658379028306), ('thoni', 0.0017471805750235109), ('pandari', 0.0017471805750235109), ('podiyan nan', 0.000928185400684128), ('nan thoni', 0.000928185400684128), ('thoni sailor pandari', 0.000928185400684128), ('thoni sailor', 0.000928185400684128), ('nandos nan', 0.000928185400684128)]"
2,1,1605,1_thank_thank thank_thank thank thank_fan,"[('thank', 0.5952465621602948), ('thank thank', 0.47871777132333876), ('thank thank thank', 0.3974103800260476), ('fan', 0.12857530828622915), ('fan week', 0.09288510021148841), ('thank fan', 0.07150197597657003), ('thank fan week', 0.0659812540583726), ('week', 0.06333461562641225), ('fan week thank', 0.057134546992826905), ('week thank', 0.05621748700393671)]"
3,2,782,2_horton_photo_horton photo_photo horton,"[('horton', 0.44304699239058404), ('photo', 0.2580415457016141), ('horton photo', 0.2201390741864052), ('photo horton', 0.21279162843927105), ('horton photo horton', 0.2029520696373039), ('club', 0.1560680431874112), ('photo horton photo', 0.13866645233452818), ('club horton', 0.12176255524338453), ('horton horton', 0.09627004516124693), ('horton horton photo', 0.04851682362167779)]"
4,3,704,3_party_report_investigation_ehrc,"[('party', 0.15143904778049386), ('report', 0.08483898731963163), ('investigation', 0.07397726336911702), ('ehrc', 0.06059197500596345), ('vote', 0.056387207038035646), ('labour', 0.056083380728538926), ('ehrc investigation', 0.03588392974139092), ('lawyer', 0.032343444421978826), ('starmer', 0.02932592674946428), ('investigation place', 0.028676452274483722)]"
5,4,610,4_wordle_wordle wordle_wordle wordle wordle_coffee,"[('wordle', 0.39264258346324016), ('wordle wordle', 0.35961387806216993), ('wordle wordle wordle', 0.34035823068159077), ('coffee', 0.14754739702123326), ('tea', 0.08746430429856734), ('imagine', 0.05094248924247613), ('cup', 0.03980544458918903), ('sock', 0.039492207223489714), ('bed', 0.03515682879146017), ('afternoon', 0.03298661757841989)]"
