,Topic,Count,Name,details
0,-1,54618,-1_time_year_day_work,[]
1,0,4226,0_nan_nan nan_nan nan nan_thoni,"[('nan', 1.1504533750650978), ('nan nan', 1.1486840092747055), ('nan nan nan', 1.1469132235254273), ('thoni', 0.0017438840079008248), ('nife', 0.0017438840079008248), ('pandari', 0.0017438840079008248), ('thoni rudder', 0.0009264341074752899), ('nan tam nan', 0.0009264341074752899), ('sailor pandari assistant', 0.0009264341074752899), ('sub kane nan', 0.0009264341074752899)]"
2,1,1728,1_thank_thank thank_thank thank thank_fan,"[('thank', 0.5275768039032577), ('thank thank', 0.41372824924980345), ('thank thank thank', 0.34268404968771227), ('fan', 0.11093111288254597), ('fan week', 0.08308850595400419), ('thank fan', 0.06325945522595619), ('thank fan week', 0.057597890096705594), ('week', 0.05563390623033547), ('fan week thank', 0.05110856463721267), ('week thank', 0.05048402537371635)]"
3,2,912,2_horton_photo_horton photo_photo horton,"[('horton', 0.4212380203273154), ('photo', 0.215132095578012), ('horton photo', 0.1905229378597419), ('photo horton', 0.1829319386406488), ('horton photo horton', 0.17362867862226689), ('club', 0.12518759508523644), ('photo horton photo', 0.11208046161939436), ('club horton', 0.10460138973928335), ('birthday', 0.10142675547222146), ('horton horton', 0.08957963512595604)]"
4,3,889,3_party_investigation_report_wait,"[('party', 0.11415153521771408), ('investigation', 0.07897160418702856), ('report', 0.0722143437096045), ('wait', 0.06568830511369585), ('ehrc', 0.05201174277963862), ('document', 0.0443025097437218), ('election', 0.03559946679797513), ('ehrc investigation', 0.034145740146053365), ('didnt', 0.029930908956074587), ('investigation place', 0.02840166352120279)]"
5,4,729,4_congratulation_congratulation congratulation_congratulation congratulation congratulation_wow,"[('congratulation', 0.5103783770612015), ('congratulation congratulation', 0.24482684595510015), ('congratulation congratulation congratulation', 0.12986859135066425), ('wow', 0.08125011674190696), ('proud', 0.05713662773284602), ('achievement', 0.044873913660756944), ('wow congratulation', 0.03448559707412387), ('effort', 0.03314975137873659), ('congratulation wow', 0.03295249394446939), ('proud congratulation', 0.026520798924650316)]"
