,Topic,Count,Name,details
0,-1,58007,-1_time_year_day_work,[]
1,0,4320,0_nan_nan nan_nan nan nan_nan nan pang,"[('nan', 1.1782333471588877), ('nan nan', 1.1774412807194283), ('nan nan nan', 1.1766489446108626), ('nan nan pang', 0.0009161673491868053), ('pang nan nan', 0.0009161673491868053), ('nandos nan nan', 0.0009161673491868053), ('nandos nan', 0.0009161673491868053), ('nandos', 0.0009161673491868053), ('nan sub kane', 0.0009161673491868053), ('nan sub', 0.0009161673491868053)]"
2,1,1342,1_amp_california_francisco_francisco california,"[('amp', 0.15477418001925022), ('california', 0.06409539432545601), ('francisco', 0.05021325257606599), ('francisco california', 0.044071882717001465), ('resort', 0.029273005324464942), ('peak', 0.028687327978948032), ('diamond peak', 0.025408532615131794), ('diamond', 0.025365049139389462), ('ski', 0.023524194097879307), ('park', 0.02339368528322631)]"
3,2,1270,2_que_pra_com_para,"[('que', 0.09798382108054564), ('pra', 0.027366508155781066), ('com', 0.02728424171510681), ('para', 0.02338163940251328), ('por', 0.022258116698113246), ('tem', 0.02021624770728559), ('con', 0.020165366923884286), ('como', 0.01925524280021423), ('los', 0.015918899742301495), ('gente', 0.015322136186927867)]"
4,3,1221,3_thank_thank thank_thank thank thank_thankyou,"[('thank', 0.9590975015351656), ('thank thank', 0.9589484545607533), ('thank thank thank', 0.8562466798530011), ('thankyou', 0.07608981143601726), ('awful', 0.03383719813375754), ('thankyou thankyou', 0.03012835980416611), ('alison', 0.02348150244566189), ('awful thank', 0.022841261299692547), ('ruth', 0.022260325292184753), ('fyi', 0.017949818272441475)]"
5,4,784,4_horton_photo_horton photo_photo horton,"[('horton', 0.47308152927360136), ('photo', 0.23546780027453146), ('horton photo', 0.21030329623439975), ('photo horton', 0.20250296676247576), ('horton photo horton', 0.19137892391102265), ('club', 0.1821979726243347), ('club horton', 0.15378777986862224), ('photo horton photo', 0.12479550909822215), ('horton horton', 0.10248196420446666), ('horton horton photo', 0.04585504667170706)]"
