,Topic,Count,Name,details
0,-1,170526,-1_care_day_time_health,[]
1,0,16528,0_nan_nan nan_nan nan nan_nan year nan,"[('nan', 1.074980217839083), ('nan nan', 1.0743327904064877), ('nan nan nan', 1.0737379522531147), ('nan year nan', 0.0004918395868542372), ('nan nan nanna', 0.0004918395868542372), ('nan year', 0.0004918395868542372), ('year nan', 0.0004918395868542372), ('nan nan year', 0.0004918395868542372), ('nan nanna', 0.0004918395868542372), ('nanna', 0.00046391845091220586)]"
2,1,2720,1_tweet_cant tweet_tweet cant_tweet cant tweet,"[('tweet', 0.49395204841554946), ('cant tweet', 0.4543816441232351), ('tweet cant', 0.4543816441232351), ('tweet cant tweet', 0.4531406532201675), ('cant tweet cant', 0.4531406532201675), ('cant', 0.432002020816969), ('cheer', 0.043055650864238994), ('mate', 0.028467871129301835), ('lad', 0.02577657530891257), ('load', 0.024898200830989117)]"
3,2,2699,2_birthday_hope_birthday birthday_youre,"[('birthday', 0.25973436554785256), ('hope', 0.22404604343959159), ('birthday birthday', 0.08732949662818963), ('youre', 0.07496948505002084), ('day', 0.05651456751101333), ('hope youre', 0.052429094898939765), ('hope hope', 0.047241067283222964), ('hope birthday', 0.04701558621594425), ('thank', 0.04498546734823665), ('birthday hope', 0.04355363912163119)]"
4,3,1992,3_beach_walk_evening_walk beach,"[('beach', 0.41853374848875086), ('walk', 0.25248117447329543), ('evening', 0.2379252259875046), ('walk beach', 0.23495115496915225), ('evening beach', 0.2335760057177844), ('beach time', 0.23342070252249336), ('beach week', 0.233193035949706), ('walk beach week', 0.233193035949706), ('time team walk', 0.233193035949706), ('evening beach time', 0.233193035949706)]"
5,4,1901,4_thank thank_thank thank thank_thank_xxx,"[('thank thank', 1.1055619510273311), ('thank thank thank', 1.0041408679426855), ('thank', 0.991492464681417), ('xxx', 0.12875639370430778), ('xxx thank', 0.08608879269805621), ('xxx thank thank', 0.05427958072791953), ('thank xxx', 0.045598680155083844), ('xxxx', 0.04539667062551113), ('angel', 0.044631157275057586), ('christine', 0.04253876311733897)]"
