,Topic,Count,Name,details
0,-1,171306,-1_care_day_time_health,[]
1,0,16512,0_nan_nan nan_nan nan nan_panda nan,"[('nan', 1.0747176938994836), ('nan nan', 1.073794595509076), ('nan nan nan', 1.0729239460674875), ('panda nan', 0.0009286320012639027), ('panda nan nan', 0.0009286320012639027), ('panda', 0.000827614922302052), ('nan nan nanna', 0.0007138722217290373), ('nan nanna', 0.0007138722217290373), ('nanna', 0.0006964740009479269), ('nannm', 0.0006410596809607594)]"
2,1,2370,1_beach_walk_evening_walk beach,"[('beach', 0.38417287600082933), ('walk', 0.2313079575585398), ('evening', 0.21769667487457103), ('walk beach', 0.21513278149791873), ('team walk', 0.21469096733805365), ('evening beach', 0.21387279070527038), ('beach time', 0.21384744301250577), ('team walk beach', 0.21375584118941293), ('time team walk', 0.21363887485486588), ('walk beach week', 0.21363887485486588)]"
3,2,2071,2_hope_chris_hope hope_morning,"[('hope', 0.34415455550335716), ('chris', 0.09068444478836409), ('hope hope', 0.08280491764018466), ('morning', 0.08142650473455293), ('hope day', 0.06173578720255604), ('day', 0.057221213431853886), ('morning chris', 0.054795199035239), ('hope youre', 0.053367369486260786), ('youre', 0.04405408302591957), ('friday', 0.03426769725330669)]"
4,3,1910,3_thank thank_thank thank thank_thank_thankyou,"[('thank thank', 1.1130410602238283), ('thank thank thank', 1.010922943664482), ('thank', 0.9947046484697762), ('thankyou', 0.10137926309963541), ('thankyou thankyou', 0.06275478566619185), ('thankyou thankyou thankyou', 0.040604099874750124), ('thank thankyou', 0.04046398307494454), ('thankyou thank', 0.03939066873078106), ('wee', 0.035251239109104514), ('eddie', 0.033391047700762844)]"
5,4,1867,4_year_today_year year_yup,"[('year', 0.22770432811413888), ('today', 0.13793188467123765), ('year year', 0.08022438998326896), ('yup', 0.07321233451609173), ('day', 0.056823271342161065), ('man', 0.05004112996383733), ('year today', 0.04513678589909215), ('anniversary', 0.0410189975227447), ('wedding', 0.03868678121767278), ('today year', 0.038510735701508376)]"
