,Topic,Count,Name,details
0,-1,160909,-1_care_day_time_health,[]
1,0,16505,0_nan_nanna_nannm_nangaway,"[('nan', 2.2053042759389774), ('nanna', 0.0018912458808096949), ('nannm', 0.001149938498720527), ('nangaway', 0.0007143046693966336), ('nando', 0.0007143046693966336), ('nangyare', 0.0007143046693966336), ('waterloo', 0.000616912354054185), ('quinn', 0.0006058797318706072), ('granny', 0.0005884717365787012), ('doggo', 0.0005813446224719731)]"
2,1,5080,1_love_look_beautiful_lol,"[('love', 0.2299842022055874), ('look', 0.1958736383043669), ('beautiful', 0.13408959782685262), ('lol', 0.1115770571976033), ('photo', 0.0932134200390835), ('pic', 0.08370787862971234), ('face', 0.07333901530657877), ('word', 0.06782889763191738), ('yup', 0.06237855065867026), ('gift', 0.0529100075457195)]"
3,2,4901,2_hope_weekend_chris_idea,"[('hope', 0.30472091983439886), ('weekend', 0.09449820226754387), ('chris', 0.0924844319915714), ('idea', 0.09243860516032303), ('enjoy', 0.08477004326476392), ('day', 0.06662689997555248), ('morning', 0.06638203104140902), ('tour', 0.05958927099695453), ('springhill', 0.05880826017963789), ('family', 0.056843516500673624)]"
4,3,4650,3_beach_walk_time_evening,"[('beach', 0.5416151757748343), ('walk', 0.34844645454587364), ('time', 0.344276652667276), ('evening', 0.31989356182101464), ('week', 0.28339207899052005), ('team', 0.24435546251622067), ('bloody', 0.03699371695527433), ('half', 0.03352960951455099), ('foot', 0.03280813434133412), ('book', 0.028799174767976915)]"
5,4,3991,4_day_brilliant_way_start,"[('day', 0.2726304179715711), ('brilliant', 0.13419028381184384), ('way', 0.09430200300645085), ('start', 0.07192076778118116), ('guy', 0.06704075578851844), ('reading', 0.06249393558137419), ('read', 0.06134096938323638), ('cake', 0.05333553597489915), ('yoga', 0.04829817312749734), ('daughter', 0.04660881010195796)]"
