,Topic,Count,Name,details
0,-1,161805,-1_care_day_health_time,[]
1,0,4204,0_day_wow_bit_lol,"[('day', 0.335058549823342), ('wow', 0.2511765503515812), ('bit', 0.18886784301924953), ('lol', 0.1755879875807395), ('point', 0.11330367134684693), ('yep', 0.09251083638329369), ('god', 0.07333902445512164), ('something', 0.07078684749637813), ('lewiston', 0.06946455766055035), ('garden', 0.06781737729357543)]"
2,1,3809,1_hey_job_kenny_please,"[('hey', 0.17410590818010283), ('job', 0.09505118509424705), ('kenny', 0.09073044320198169), ('please', 0.08498843207335237), ('thankyou', 0.0824499282528436), ('need', 0.0819559291218385), ('morning', 0.08073387048394923), ('cheer', 0.06899234605721466), ('thank', 0.06663148414582201), ('right', 0.06624826683186406)]"
3,2,3389,2_beach_evening_time_walk,"[('beach', 0.7994626415417362), ('evening', 0.47449443898940497), ('time', 0.4587928467622693), ('walk', 0.44819509538002433), ('team', 0.3624041298152685), ('week', 0.33997681495550436), ('beer', 0.030519510926241254), ('worry', 0.02243090242548667), ('lie', 0.021464409177878487), ('wasnt', 0.01988148531951396)]"
4,3,3250,3_business_today_care_fusion,"[('business', 0.11210727297326725), ('today', 0.1015711539375033), ('care', 0.07698021016390523), ('fusion', 0.0724298225128943), ('call', 0.06976015990644412), ('track', 0.06903397383280699), ('run', 0.06507694737741972), ('phone', 0.05631110975313893), ('occupancy', 0.05458910848109374), ('egg', 0.054279690770727425)]"
5,4,3088,4_covid_infection_case_virus,"[('covid', 0.3055923899877761), ('infection', 0.11709738604236736), ('case', 0.07264248327369438), ('virus', 0.05436845364361712), ('test', 0.05209468843252975), ('control', 0.04997617544674553), ('pandemic', 0.04827818940039984), ('step', 0.047063724491843754), ('patient', 0.03701255987435966), ('health', 0.035472522262828585)]"
