,Topic,Count,Name,details
0,-1,176305,-1_care_time_day_health,[]
1,0,16652,0_nan_nan nan_nan nan nan_nan nan nanna,"[('nan', 1.1082355188969497), ('nan nan', 1.107659121323441), ('nan nan nan', 1.1071386182313463), ('nan nan nanna', 0.000492811135398627), ('nan year', 0.000492811135398627), ('nan year nan', 0.000492811135398627), ('nan nanna', 0.000492811135398627), ('nan nan year', 0.000492811135398627), ('year nan', 0.000492811135398627), ('nanna', 0.0004650826539625147)]"
2,1,5455,1_morning_hope_morning morning_day,"[('morning', 0.1468871035170272), ('hope', 0.1181684483533663), ('morning morning', 0.055597298808673055), ('day', 0.055432893765711956), ('today', 0.046214355629433664), ('youre', 0.04221507382387244), ('everyone', 0.033896319107428095), ('morning morning morning', 0.028913808595777878), ('day morning', 0.026493249587292832), ('hope youre', 0.02521072213115723)]"
3,2,3314,2_tweet_tweet cant_cant tweet cant_tweet cant tweet,"[('tweet', 0.3034805505071986), ('tweet cant', 0.24308810358018995), ('cant tweet cant', 0.24243372479765335), ('tweet cant tweet', 0.24227006273084528), ('cant tweet', 0.23577552562575632), ('cant', 0.2272927188995341), ('twitter', 0.07724150406045147), ('please', 0.04196832088909999), ('pic', 0.028243776265551974), ('evidence', 0.025253624943102824)]"
4,3,2889,3_time_time time_time time time_wordle,"[('time', 0.28301273071878513), ('time time', 0.25182686881028893), ('time time time', 0.21835875943889033), ('wordle', 0.09627875308766173), ('word', 0.07917149706393904), ('wordle wordle', 0.06438072621744725), ('thank', 0.05464964533487555), ('wordle wordle wordle', 0.049663968986470776), ('thankyou', 0.047907226713880535), ('haha', 0.036333917187236386)]"
5,4,2468,4_que_con_para_por,"[('que', 0.10875630447086579), ('con', 0.03774393120604783), ('para', 0.03536076910720785), ('por', 0.03328120534549136), ('los', 0.024627580450460596), ('como', 0.02408615507195825), ('pero', 0.024053372978025286), ('che', 0.023620365229296874), ('quiz', 0.016716119337537774), ('del', 0.01572463472363661)]"
