,nr_topics,topic_diversity,KL_uniform,KL_vacuous,KL_background
0,5.0,0.9333333333333333,3.5759354459406225,0.0,0.0
1,10.0,0.9181818181818182,3.6204864165520534,0.0,0.0
2,15.0,0.91875,3.4140105915835792,0.0,0.0
3,20.0,0.9285714285714286,3.68440070332482,0.0,0.0
