,nr_topics,topic_diversity
0,5.0,0.9666666666666667
1,10.0,0.9545454545454546
2,15.0,0.9625
3,20.0,0.9476190476190476
