,nr_topics,topic_diversity,KL_uniform,KL_vacuous,KL_background
0,5.0,0.9333333333333333,2.8282146242064683,0.0,0.0
1,10.0,0.9363636363636364,3.106101057631902,0.0,0.0
2,15.0,0.95,3.261471760891392,0.0,0.0
3,20.0,0.9571428571428572,3.3484624306759505,0.0,0.0
