nr_topics,ngram upper limit,topic_diversity,KL_uniform
5.0,1.0,0.9333333333333333,3.0209683182173226
10.0,1.0,0.9636363636363636,3.3423434020410925
15.0,1.0,0.95625,3.3586355232147818
20.0,1.0,0.9666666666666667,3.4430761717422964
