,nr_topics,topic_diversity,KL_uniform
0,5.0,0.9333333333333333,2.9619167727759375
1,10.0,0.9272727272727272,3.0218980320442204
2,15.0,0.9125,3.4346380669851424
3,20.0,0.9142857142857143,3.1643630786125745
