,nr_topics,topic_diversity,KL_uniform
0,5.0,0.8333333333333334,2.9620841370397435
1,10.0,0.8727272727272727,3.2317022661274906
2,15.0,0.94375,3.2684252284190123
3,20.0,0.9285714285714286,3.113652950427496
