,nr_topics,topic_diversity,KL_uniform
0,5.0,0.8666666666666667,2.924583569988556
1,10.0,0.9090909090909091,3.143212019963834
2,15.0,0.925,3.0002919747459256
3,20.0,0.9333333333333333,3.0494816707995147
