,nr_topics,topic_diversity,KL_uniform
0,5.0,0.8666666666666667,2.7545339076160964
1,10.0,0.9363636363636364,3.0355162879213324
2,15.0,0.9,3.0761636088081397
3,20.0,0.9095238095238095,3.2112477342926193
