,nr_topics,topic_diversity,KL_uniform
0,5.0,0.9,2.757568902076675
1,10.0,0.8909090909090909,3.10865330230602
2,15.0,0.90625,3.206121915019853
3,20.0,0.9238095238095239,3.2100424624165877
