,nr_topics,topic_diversity,KL_uniform
0,5.0,0.9,2.8399381196870963
1,10.0,0.9272727272727272,3.050898981586737
2,15.0,0.89375,3.1757336920262196
3,20.0,0.9095238095238095,3.239550045070079
