,nr_topics,ngram upper limit,topic_diversity,KL_uniform,KL_vacuous,KL_background
0,5.0,1.0,0.8833333333333333,2.721616670131334,0.0,0.0
1,10.0,1.0,0.9363636363636364,2.9378982232463446,0.0,0.0
2,15.0,1.0,0.93125,3.121822534918723,0.0,0.0
3,20.0,1.0,0.9380952380952381,3.5466587898924575,0.0,0.0
