,nr_topics,topic_diversity,KL_uniform,KL_vacuous,KL_background
0,5.0,0.9333333333333333,2.796810229091341,0.0,0.0
1,10.0,0.9727272727272728,3.0267941062392425,0.0,0.0
2,15.0,0.95,3.077535147818627,0.0,0.0
3,20.0,0.9380952380952381,3.301821880546357,0.0,0.0
