,nr_topics,topic_diversity,KL_uniform
0,5.0,0.9333333333333333,2.6131029470116602
1,10.0,0.9,2.9748360934232947
2,15.0,0.86875,3.066078672142867
3,20.0,0.8714285714285714,3.1542028664772976
