,nr_topics,topic_diversity,KL_uniform
0,5.0,0.9333333333333333,3.1442012860681596
1,10.0,0.9363636363636364,3.165772459410597
2,15.0,0.925,3.2012034809780054
3,20.0,0.8714285714285714,3.4558161322790992
