,nr_topics,topic_diversity,KL_uniform
0,5.0,0.9333333333333333,2.7478647294394833
1,10.0,0.9454545454545454,2.978090380439155
2,15.0,0.8875,3.1617546652412716
3,20.0,0.8571428571428571,3.2380597397778583
