,nr_topics,topic_diversity,KL_uniform
0,5.0,0.95,2.8884323043170768
1,10.0,0.9363636363636364,3.076341086671619
2,15.0,0.94375,3.1122789098398727
3,20.0,0.9142857142857143,3.2653960417821244
